Nombre,Zona,Comentario,Instagram,Dirección
Imarangatu Beach,La Punta,"Parador clásico de la Mansa en parada 7: cocina cuidada, buena música y atardeceres con tragos frente al mar.",@imarangatubeach,"Imarangatu Beach Punta del Este, Uruguay"
Parador Posto 5,La Punta,"Beach club relajado en la Mansa: pescados, mariscos y tragos, ideal para almorzar largo y quedarte hasta el atardecer.",@parador_posto5,"Posto 5 Punta del Este, Uruguay"
Muelle 3,La Punta,"Cocina sobre el mar con vista increíble: tartar de atún, pastas con mariscos y buenos tragos. Reservá, se llena.",@muelle3.pde,"Muelle 3 Punta del Este, Uruguay"
Baipa Panadería,La Punta,"Cosas dulces, sánguches de miga y el croissant roll de pistacho.",@baipapanaderia,"Baipa Panadería Punta del Este, Uruguay"
El Abasto,La Punta,"Bodegón, rotisería, cantina. Vermú y croquetas.",@elabasto.restaurant,"El Abasto Restaurant Punta del Este, Uruguay"
Burger Time,La Punta,"Cadena uruguaya de hamburguesas con papas con cheddar casero, cerveza y buena música. Rápido y sin vueltas.",@burgertimeuy,"Burger Time Punta del Este, Uruguay"
Francés & Co Pasticceria,La Punta,"Pastelería franco-italiana con croissants muy elogiados, roll de pistacho y brunch. Chiquito adentro, lindas mesas afuera.",@frances.co.pasticceria,"Francés & Co Pasticceria Punta del Este, Uruguay"
Il Porto,La Punta,El mejor pistacho.,@ilporto.uy,"Il Porto gelato Punta del Este, Uruguay"
Atrevida Pizzería,La Punta,La birra tirada más fría. Planazo.,@atrevida.pizzeria,"Atrevida Pizzería Punta del Este, Uruguay"
Las Pavas,La Punta,"Comida casera rica en la península: ñoquis, entraña, cheesecake vasca y pan de su propia panadería. Tranquilo y amable.",@laspavasoficial,"Las Pavas Punta del Este, Uruguay"
Vitaminas,La Punta,"Café con vista estupenda. La cookie de limón recién hecha, 10 puntos.",@vitaminas.uy,"Vitaminas café Punta del Este, Uruguay"
Café de la Mansa · Zunino,La Punta,"Divina vista y ambiente. Los cuadraditos de queso de Zunino, el mejor producto.",@cafedelamansazunino,"Café de la Mansa Zunino Punta del Este, Uruguay"
Wantan Cantina China,La Punta,"Cantina china estilo chifa, dulce, salada y picante: arroz, fideos, sopas y agridulces. Funciona bien al mediodía y de noche.",@wantancantinachina,"Wantan Cantina China Punta del Este, Uruguay"
L'Auberge,La Punta,Waffleeee. Amamos.,@hotel_l_auberge,"Hotel L'Auberge Punta del Este, Uruguay"
Chill Out,La Punta,"Chivitos gourmet, hamburguesas, tacos y limonadas caseras en una terraza frente a Isla Gorriti. Ideal para el atardecer.",@chilloutrestouy,"Chill Out Punta del Este, Uruguay"
Misushi,La Punta,"Sushi fusión a pocas cuadras de la playa, rápido y a buen precio; destacan los rolls veggie y veganos.",@misushi,"Misushi Punta del Este, Uruguay"
Pez Globo,La Punta,"Sushi y bao bar de noche en la península: rolls, pokes, baos de cerdo, dumplings y ramen con producto fresco.",@pezglobodeleste,"Pez Globo Punta del Este, Uruguay"
Late Resto,La Punta,Sushi y fusión peruano-asiática en un lugar chico con patio lindo. Pedí los hot rolls y los arrolladitos al horno.,@lateresto.pde,"Late Resto Punta del Este, Uruguay"
Picniquería,La Punta,"Sándwiches y almuerzos ricos para llevar o comer ahí, con buen café y boutique gourmet de aceites y vinos.",@picniqueria,"Picniquería Punta del Este, Uruguay"
Boulevard de las Palmeras,La Punta,"Casona restaurada a metros del puerto: parrilla de carnes y pescados frescos, cocina a la vista y carta de vinos.",@boulevarddelaspalmeras,"Boulevard de las Palmeras Punta del Este, Uruguay"
Gozar,La Punta,"Hamburguesas y ensaladas de autor del chef de Imarangatú, con DJ y onda urbana. Abre del mediodía a medianoche.",@gozarpde,"Gozar Punta del Este, Uruguay"
Floreal,La Punta,"Clásico de décadas en el bosque de San Rafael: cocina internacional de autor, elegante, para una cena especial.",@florealrestaurante,"Floreal Restaurante Punta del Este, Uruguay"
Teodoro,La Punta,Parrilla con carnes muy bien hechas y buena carta de vinos en Pedragosa Sierra; sirve para almuerzo o cena.,@teodoro_pde,"Teodoro Punta del Este, Uruguay"
481 Gourmet,La Punta,"Parrilla moderna con carnicería boutique: entraña, bife ancho y cordero de primera, guarniciones ricas. Reservá, es chico.",@481gourmet,"481 Gourmet Punta del Este, Uruguay"
Bymora Sushi,La Punta,"Sushi bar informal y acogedor, de noche, con tragos y opción de take away. Va bien con amigos o familia.",@bymorasushi,"Bymora Sushi Punta del Este, Uruguay"
Virazón,La Punta,"Clásico del puerto frente al mar con carta amplísima: chivito, salmón a la parrilla, temaki. Ideal para ver el atardecer.",@virazon.restoran,"Virazón Punta del Este, Uruguay"
Shark Club,La Punta,"Terraza enorme sobre la Mansa con vista a Isla Gorriti, platos abundantes, coctelería y opción kosher. Lindo con amigos.",@sharkclub.uy,"Shark Club Punta del Este, Uruguay"
Mi Piace,La Punta,Passsta.,@mipiacepde,"Mi Piace Punta del Este, Uruguay"
Zazú Puerto,La Punta,Tienen suspiro limeño.,@zazupuerto,"Zazú Puerto Punta del Este, Uruguay"
Rústico Bar,La Punta,"Resto bar acogedor de ladrillo y madera, precios amigables y porciones generosas: chivito, milanesa y lasaña.",@rusticbarpde,"Rústico Bar Punta del Este, Uruguay"
Casa Proa,La Punta,"Tapeo y tragos de autor en una casa con cinco rincones distintos, onda joven. Para picar algo de noche.",@casa.proa,"Casa Proa Punta del Este, Uruguay"
Olivia,La Punta,"Lugar luminoso con precios razonables para Punta: tacos, ensaladas, sándwiches, pescados y limonada de jengibre. Terraza con vista al puerto.",@olivia.resto,"Olivia Resto Punta del Este, Uruguay"
Malafama,La Punta,"Cervecería artesanal con pizzas de masa madre grandes para compartir, sours y limonada de menta y jengibre. Buen patio.",@malafama_puntadeleste,"Malafama Punta del Este, Uruguay"
Capi Bar,La Punta,"Bar de cervezas artesanales abierto todo el año, con música en vivo los findes. Probá la blue cheese burger.",@capi_bar,"Capi Bar Punta del Este, Uruguay"
Hivi Pizza,La Punta,"Pizzería de la zona; no encontramos reseñas confiables, así que andá a probar y contanos.",@hivipizza,"Hivi Pizza Punta del Este, Uruguay"
Olaf Parador,La Punta,"Parador de verano en Punta Ballena con vista al mar: mariscos, parrilla y opciones veggie, más jazz al atardecer.",@olafparador,"Olaf Parador Punta Ballena, Uruguay"
Rizar Empanadas,La Barra,¿Las mejores empanadas del universo? Sí. Horno de leña.,@rizar.empanadas,"Rizar Empanadas La Barra, Uruguay"
Café El Tesoro,La Barra,"Café restó tranquilo con panes y pastelería caseros, brunch tardío y almuerzos frescos; ideal al volver de la playa.",@cafe_eltesoro,"Café El Tesoro La Barra, Uruguay"
Amoreira,La Barra,"Rincón íntimo a luz de velas entre plantas, solo en temporada; pedí el ceviche o los agnolotti y reservá.",@amoreira.pde,"Amoreira La Barra, Uruguay"
Estero Estero,La Barra,"Vinería con bistró y tienda de vinos, de miércoles a sábado desde las 19; ideal para una copa tranquila.",@esteroestero,"Estero Estero La Barra, Uruguay"
Ola Poke,La Barra,"Pokería donde armás tu bowl a gusto, con salmón, atún, pulpo o tofu; rápido, fresco y apto celíacos.",@olapoke.uy,"Ola Poke La Barra, Uruguay"
Misushi La Barra,La Barra,"Sushi y cocina nikkei con rolls, pokes y menú del mediodía; servicio rápido y buenas opciones veggie.",@misushi,"Misushi La Barra, Uruguay"
Gualicho,La Barra,"Cocina mestiza con tapas creativas, ceviches y tatakis en Ruta 10; abre solo en temporada, vale la pena.",@gualicholabarra,"Gualicho La Barra, Uruguay"
El Chancho y la Coneja,La Barra,Los ñoquis gratinados.,@elchanchoylaconeja,"El Chancho y la Coneja La Barra, Uruguay"
Legua,La Barra,Bao y dumplings. Una experiencia.,@legua_labarra,"Legua La Barra, Uruguay"
La Roti (ex Puertas Violetas),La Barra,Rotisería de barrio con comida para llevar; buena opción para resolver una cena sin cocinar.,,"La Roti La Barra, Uruguay"
La Clave cocina árabe,La Barra,"Cocina libanesa de familia: lehmeyun, shawarma, falafel, hummus y baklawá, también congelados para llevar a casa.",@la_clave_cocina_arabe,"La Clave Cocina Árabe La Barra, Uruguay"
Alison Cakes Café,La Barra,La cookie y la carrot cake.,@alison.cakes.cafe,"Alison Cakes Café La Barra, Uruguay"
Alison Pizza,La Barra,Nuestra pizza fav.,@alison.pizza,"Alison Pizza La Barra, Uruguay"
Portal Bosque,La Barra,"Club familiar en el bosque con juegos para chicos, música en vivo y el restó Tierra de producto local.",@portalbosque,"Portal Bosque La Barra, Uruguay"
Alma,La Barra,"Comida rica y natural con sándwiches y productos de mercado; están en pausa, chequeá en Instagram si reabrieron.",@alma_labarra,"Alma La Barra, Uruguay"
Mahalo Bowls,La Barra,"Bowls de açaí, smoothies y sándwiches frescos con terraza y vista; pedí el de espirulina azul al atardecer.",@mahalobowls,"Mahalo Bowls La Barra, Uruguay"
Borneo Coffee,La Barra,EL café de La Barra. El chipa pan de queso.,@borneocoffee.uy,"Borneo Coffee La Barra, Uruguay"
Deliss,La Barra,Hamburguesería sobre Ruta 10 para resolver algo rápido e informal después de la playa.,,"Deliss La Barra, Uruguay"
Rex,La Barra,Chivitos.,@rexbestchivitointown,"Rex La Barra, Uruguay"
Locanda,La Barra,"Resort nuevo del Grupo Cipriani con lobby lounge, cocina todo el día y Harry's Table italiano; plan elegante.",@locandapunta,"Locanda La Barra, Uruguay"
El Popu · Natural y Popular,La Barra,"Así se llama en Instagram El Popu: cantina vegetariana en Ruta 10 con café de especialidad, vino y música.",@naturalypopular,"El Popu La Barra, Uruguay"
La Washington Pulpería,La Barra,Bao bun y tomar algo.,@lawashingtonpulperia,"La Washington Pulpería La Barra, Uruguay"
Narbona,La Barra,"Restó de campo con pastas, quesos propios y asado, abre de día jueves a domingo; pedí la tabla de quesos.",@narbonapde,"Narbona La Barra, Uruguay"
Al Fin y Al Cabo,La Barra,"Parrilla con terraza sobre el mar y mesa de pool, inspirada en el mítico bar de Cabo Polonio; también eventos.",@alfinyalcabouy,"Al Fin y Al Cabo Montoya, Uruguay"
Casablanca,La Barra,"Parador de playa del Grupo Cipriani con pizzas, parrilla, sushi y música al atardecer; abre solo en verano.",@casablanca.punta,"Casablanca Punta parador, Uruguay"
Suki,La Barra,Local gastronómico de La Barra; conviene chequear horarios y propuesta en Instagram antes de ir.,@suki._______,"Suki La Barra, Uruguay"
Dandy Cocina,La Barra,"Cocina honesta argentina en La Posta del Cangrejo: pescados, carnes y ensaladas gourmet, con deck y sunsets con DJ.",@dandycocina,"Dandy Cocina La Barra, Uruguay"
Pura Vida,La Barra,"Lugar cálido con balcón al mar, pastas y mariscos; el crepe de langostinos es el clásico, ideal para almorzar.",@puravidalabarra,"Pura Vida La Barra, Uruguay"
Hoy,La Barra,"Cafetería totalmente sin gluten, con panes, sándwiches, hamburguesas y tortas; un alivio para celíacos de merienda.",@hoy________,"Hoy café La Barra, Uruguay"
Via Pizza,La Barra,"Pizzas a pedido con masa común, integral o sin gluten y fainá crocante; precios amables, muy familiar, solo efectivo.",@via.pizza,"Via Pizza La Barra, Uruguay"
Pico Alto,La Barra,"Clásico barcito de La Barra con pizza, fainá y chivitos a buen precio; abre hasta tarde, solo efectivo.",,"Pico Alto La Barra, Uruguay"
Capi Bar La Barra,La Barra,"Brewpub con cervezas artesanales propias, hamburguesas, chivitos y rabas, música en vivo y onda playera; abre todos los días.",@capi_bar,"Capi Bar La Barra, Uruguay"
Dos Hermanas,Manantiales,"La milanesa con champi, la comeríamos cuatro veces por semana. Best milanga in town.",@doshermanas.uy,"Dos Hermanas Manantiales, Uruguay"
La Proveeduría,Manantiales,"Cocina de mar al fuego con foco en el producto; abre solo al mediodía, ideal para un almuerzo largo.",@laproveeduriauy,"La Proveeduría Manantiales, Uruguay"
La Linda Bakery,Manantiales,"Panadería con horno a leña, ideal para desayunar o merendar; pedí el rogel, las empanadas o la masa madre.",@lalindabakery,"La Linda Bakery Manantiales, Uruguay"
El Fondín,Manantiales,"Bodegón italiano sobre la Ruta 10, furor en verano: empanadas de langostinos, mollejas, sorrentinos y risotto para cenar.",@elfondin.manantiales,"El Fondín Manantiales, Uruguay"
El Abrazo,Manantiales,Fideuá GOD. Alto lugar para cita romántica.,@elabrazo,"El Abrazo Manantiales, Uruguay"
Mistura,Manantiales,"Cocina de autor de temporada, ambiente cálido y servicio cuidado; abre de noche, con buenos pescados y opciones vegetarianas.",@misturauy,"Mistura Manantiales, Uruguay"
Bikini Bistró,Manantiales,"Cocina nikkei mediterránea en la bajada a Playa Bikini, abre solo al mediodía: perfecto para almorzar saliendo de la playa.",@bikinibistro,"Bikini Bistró Manantiales, Uruguay"
Manon,Manantiales,"Pastelería y panadería con desayunos y almuerzos sobre la Ruta 10; vale por los croissants, cookies y lo dulce.",@manondemanantiales,"Manon Manantiales, Uruguay"
Mar de Verdes,Manantiales,"Comida fresca y saludable a una cuadra de Bikini: ensaladas, sándwiches, licuados y opciones veganas, todo el día.",@mardeverdes.uy,"Mar de Verdes Manantiales, Uruguay"
Jacinta,Manantiales,"De día baguettes, ensaladas y pizzas rústicas; de noche parrilla gourmet y tragos, con bar al atardecer.",@jacintarestomanantiales,"Jacinta Manantiales, Uruguay"
Cactus y Pescados,Manantiales,"Clásico cerca de Bikini con terraza y fuego a la vista: pescados, ceviche y buen vino; caro pero servicio impecable.",@cactusypescados,"Cactus y Pescados Manantiales, Uruguay"
No Me Olvides,Manantiales,"Pizzería y parrilla descontracturada sobre la Ruta 10, siempre llena: pizza finita y tragos; probá la de queso de cabra.",@nomeolvidesmanantiales,"No Me Olvides Manantiales, Uruguay"
Elmo Restobar,Manantiales,"La pizza de cebolla caramelizada, goddd.",@elmorestobar,"Elmo Restobar Manantiales, Uruguay"
La Vuelta,Manantiales,"Cocina y café en Ruta 10 y Sarandí; al momento figura cerrado temporalmente, chequeá antes de ir.",@lavuelta.manantiales,"La Vuelta Manantiales, Uruguay"
Norimoto,Manantiales,"Barra al aire libre de handrolls al estilo porteño: atún, langostinos, vieiras y toppings con trufa; rápido, mediodía a noche.",@norimoto.uy,"Norimoto Manantiales, Uruguay"
Panko Sushi,Manantiales,Sushi para llevar en La Barra con muy buena fama entre los locales; conviene encargar con anticipación.,@pankosushipde,"Panko Sushi Manantiales, Uruguay"
Fish Market,Manantiales,"Pescados y mariscos a la parrilla, cocina abierta y mesas en la vereda: ceviche, pulpo y sándwich de pejerrey. Reservá.",@fishmarket.uy,"Fish Market Manantiales, Uruguay"
O'Farrell Kitchen,Manantiales,Atendido por sus dueños.,@ofarrellkitchen,"O'Farrell Kitchen Manantiales, Uruguay"
Unido,Manantiales,"Cocina contemporánea frente al mar, presentaciones impecables y onda relajada pero sofisticada: ideal para un almuerzo largo con vista.",@unidorestarante.manantiales,"Unido Restaurante Manantiales, Uruguay"
La Piccolina,Manantiales,"Rotisería de comida casera para llevar en Balneario Buenos Aires; abre en verano, práctica para resolver una cena sin cocinar.",,"La Piccolina Balneario Buenos Aires, Uruguay"
La Huella,José Ignacio,"El clásico sobre la duna: pescado a la parrilla, chipirones y volcán de dulce de leche. Reservá sí o sí.",@lahuella.parador,"La Huella José Ignacio, Uruguay"
Marismo,José Ignacio,Cena a la luz de velas con los pies en la arena; cordero al fuego imperdible. Solo en temporada.,@restaurantmarismo,"Marismo José Ignacio, Uruguay"
Tres · La Juanita,José Ignacio,Tope de gama la pasta. Cocina de mar y bosque.,@tres.lajuanita,"Tres La Juanita José Ignacio, Uruguay"
Guri · La Juanita,José Ignacio,"Bar rústico con mesa de pool y chopp, ideal para un chivito relajado después de la playa.",@guri_lajuanita,"Guri La Juanita José Ignacio, Uruguay"
Rizoma · La Juanita,José Ignacio,"Librería enorme con café en el fondo: capuchino, desayunos y meriendas entre pinos. Perfecto para una pausa.",@rizoma.lajuanita,"Rizoma La Juanita José Ignacio, Uruguay"
El Rancho de Pirulo y Cristina,José Ignacio,"Rancho frente a la laguna: pescado fresquísimo, empanadas y sándwich de pejerrey a buen precio. Fijate horarios.",@_elranchodepiruloycristina,"El Rancho de Pirulo y Cristina Santa Mónica, Uruguay"
Juana Cocina Bar,José Ignacio,"Casa escondida en La Juanita, todo a las velas y al fuego: carnes, pescado y verduras orgánicas. Cena romántica.",@juanacocinabar,"Juana Cocina Bar José Ignacio, Uruguay"
La Olada,José Ignacio,"Horno de barro y parrilla en una casa con jardín: cordero, pescado, pan casero. Alternativa relajada y sin pose.",@laoladarestaurant,"La Olada José Ignacio, Uruguay"
Solera vinos y tapas,José Ignacio,"Bar de vinos con tapas y cordero rico, atención de la dueña como en casa de una amiga. Llegá temprano.",@soleravinosytapas,"Solera Vinos y Tapas José Ignacio, Uruguay"
Namm,José Ignacio,"Casa de madera entre pinos: sushi fresco, carnes a la parrilla y platos en cerámica. Cena íntima, algo cara.",@namm.joseignacio,"Namm José Ignacio, Uruguay"
Panadería JI,José Ignacio,"Masa madre, pain au chocolat y pan de queso de los mejores de Uruguay. Premium, pero vale cada peso.",@panaderiaji,"Panadería JI José Ignacio, Uruguay"
El Chiringo,José Ignacio,"Parador descontracturado sobre la Brava: pescado, langostinos rebozados y música de fondo. Para pasar el día en reposeras.",@elchiringojoseignacio,"El Chiringo José Ignacio, Uruguay"
Santa Teresita,José Ignacio,"Mostrador de Trocca: ensaladas, pescado y granos para armar tu plato al mediodía. Probá la torta de dulce de leche.",@santa.teresita,"Santa Teresita José Ignacio, Uruguay"
Tato Pescador,José Ignacio,"Rico, fresquito. El suspiro limeño es top.",@tatopescador,"Tato Pescador José Ignacio, Uruguay"
Popei,José Ignacio,La casa de un pescador. Milanesa grande.,@popeirestaurant,"Popei José Ignacio, Uruguay"
La Susana,José Ignacio,"Beach club de Bahía Vik sobre la Mansa: chipirones, pulpo y tragos al atardecer. Caro, pero el plan vale.",@lasusanajoseignacio,"La Susana José Ignacio, Uruguay"
Izakaya Miniba,José Ignacio,"Barra japonesa en Santa Mónica: nigiris de vieira con caviar, atún con foie y sake. Omakase pausado, de noche.",@izakaya_miniba,"Izakaya Miniba José Ignacio, Uruguay"
Ferona Club Social,José Ignacio,"Bar con bandas de rock, fogón y tragos frente a la laguna. Para salir tarde y bailar en La Juanita.",@feronaclubsocial,"Ferona Club Social José Ignacio, Uruguay"
Pionero,José Ignacio,Club cultural en Ruta 10 con shows en vivo y entradas por Redtickets. Más para la noche que para comer.,@pionerouy,"Pionero José Ignacio, Uruguay"
Cruz del Sur Farm,José Ignacio,"Huerta propia en la plaza del pueblo: ensaladas coloridas, pescado y toques de Medio Oriente. Almuerzo fresco, precios altos.",@cruzdelsurfarm,"Cruz del Sur Farm José Ignacio, Uruguay"
Destino,José Ignacio,"Sushi y wok en La Juanita, cuidado al detalle y con delivery. Abre de noche; buena opción sin tanta pompa.",@restaurante_destino,"Destino Restaurante José Ignacio, Uruguay"
Osaka,José Ignacio,"Cocina nikkei de la cadena peruana en versión playera: tiraditos y rolls después de la playa, todo el día.",@osaka.joseignacio,"Osaka José Ignacio, Uruguay"
La Colmena,José Ignacio,"Pastelería fina en La Juanita: tortas, cafecito y también tapas con cerveza. Pedidos online y delivery.",@lacolmenajoseignacio,"La Colmena José Ignacio, Uruguay"
Guayabo,José Ignacio,"Cocina local y de estación a cinco minutos del faro, en un espacio tranquilo entre naturaleza. Abre fines de semana.",@guayabo_restaurante,"Guayabo Restaurante José Ignacio, Uruguay"
La Taba,José Ignacio,Parrilla con música en vivo y micrófono abierto en La Juanita. Para una noche larga con asado y shows.,@lataba.restaurante,"La Taba José Ignacio, Uruguay"
Majuga,José Ignacio,"Café, panadería y restaurante de temporada en el pueblo: brunch, almuerzo y cosas para llevar al mediodía.",@majuga.ji,"Majuga José Ignacio, Uruguay"
Proa Café,En el camino,"Café de especialidad entre pinos, con desayunos, almuerzos y meriendas, opciones sin gluten y veganas; pet friendly y cowork.",@proacafeuy,"Proa Café Solanas, Uruguay"
El Maestro Italiano,En el camino,En Maldonado. Para comprar mucha pasta y cocinar en casa un domingo lluvioso.,,"El Maestro Italiano Maldonado, Uruguay"
Pizza Franco,En el camino,Otro favorito de Maldonado: chivito y la pizza sobre todo.,@pizza_franco,"Pizza Franco Maldonado, Uruguay"
Mesa Redonda,En el camino,"Colectivo de chefs con un galpón junto al arroyo en La Barra: doble parrilla, barra y cenas con reserva y eventos.",@mesaredonda.uy,"Mesa Redonda Punta del Este, Uruguay"
Salón Número 3 Comedor,En el camino,Rooster tirado y platitos.,@salonnumero3comedor,"Salón Número 3 Comedor Punta del Este, Uruguay"